Frame,Num_Receptors,Receptors_in_Cluster,Total_Receptors,Fraction_Receptors
0,300,289,300,0.9633333333333334
1,300,261,300,0.87
2,300,254,300,0.8466666666666667
3,300,241,300,0.8033333333333333
4,300,243,300,0.81
5,300,238,300,0.7933333333333333
6,300,247,300,0.8233333333333334
7,300,240,300,0.8
8,300,245,300,0.8166666666666667
9,300,245,300,0.8166666666666667
10,300,233,300,0.7766666666666666
11,300,244,300,0.8133333333333334
12,300,235,300,0.7833333333333333
13,300,253,300,0.8433333333333334
14,300,250,300,0.8333333333333334
15,300,247,300,0.8233333333333334
16,300,250,300,0.8333333333333334
17,300,257,300,0.8566666666666667
18,300,252,300,0.84
19,300,256,300,0.8533333333333334
20,300,264,300,0.88
21,300,253,300,0.8433333333333334
22,300,247,300,0.8233333333333334
23,300,255,300,0.85
24,300,248,300,0.8266666666666667
25,300,251,300,0.8366666666666667
26,300,246,300,0.82
27,300,233,300,0.7766666666666666
28,300,236,300,0.7866666666666666
29,300,238,300,0.7933333333333333
30,300,240,300,0.8
31,300,251,300,0.8366666666666667
32,300,246,300,0.82
33,300,263,300,0.8766666666666667
34,300,259,300,0.8633333333333333
35,300,244,300,0.8133333333333334
36,300,247,300,0.8233333333333334
37,300,249,300,0.83
38,300,245,300,0.8166666666666667
39,300,251,300,0.8366666666666667
40,300,248,300,0.8266666666666667
41,300,254,300,0.8466666666666667
42,300,255,300,0.85
43,300,258,300,0.86
44,300,249,300,0.83
45,300,241,300,0.8033333333333333
46,300,242,300,0.8066666666666666
47,300,236,300,0.7866666666666666
48,300,245,300,0.8166666666666667
49,300,260,300,0.8666666666666667
50,300,250,300,0.8333333333333334
51,300,251,300,0.8366666666666667
52,300,251,300,0.8366666666666667
53,300,242,300,0.8066666666666666
54,300,247,300,0.8233333333333334
55,300,249,300,0.83
56,300,253,300,0.8433333333333334
57,300,251,300,0.8366666666666667
58,300,255,300,0.85
59,300,257,300,0.8566666666666667
60,300,238,300,0.7933333333333333
61,300,254,300,0.8466666666666667
62,300,247,300,0.8233333333333334
63,300,239,300,0.7966666666666666
64,300,244,300,0.8133333333333334
65,300,253,300,0.8433333333333334
66,300,248,300,0.8266666666666667
67,300,256,300,0.8533333333333334
68,300,251,300,0.8366666666666667
69,300,254,300,0.8466666666666667
70,300,254,300,0.8466666666666667
71,300,252,300,0.84
72,300,259,300,0.8633333333333333
73,300,253,300,0.8433333333333334
74,300,248,300,0.8266666666666667
75,300,249,300,0.83
76,300,249,300,0.83
77,300,246,300,0.82
78,300,246,300,0.82
79,300,251,300,0.8366666666666667
80,300,255,300,0.85
81,300,252,300,0.84
82,300,238,300,0.7933333333333333
83,300,244,300,0.8133333333333334
84,300,256,300,0.8533333333333334
85,300,243,300,0.81
86,300,247,300,0.8233333333333334
87,300,246,300,0.82
88,300,242,300,0.8066666666666666
89,300,242,300,0.8066666666666666
90,300,236,300,0.7866666666666666
91,300,236,300,0.7866666666666666
92,300,235,300,0.7833333333333333
93,300,250,300,0.8333333333333334
94,300,249,300,0.83
95,300,256,300,0.8533333333333334
96,300,246,300,0.82
97,300,248,300,0.8266666666666667
98,300,241,300,0.8033333333333333
99,300,240,300,0.8
100,300,242,300,0.8066666666666666
101,300,241,300,0.8033333333333333
102,300,240,300,0.8
103,300,249,300,0.83
104,300,252,300,0.84
105,300,245,300,0.8166666666666667
106,300,254,300,0.8466666666666667
107,300,244,300,0.8133333333333334
108,300,252,300,0.84
109,300,258,300,0.86
110,300,249,300,0.83
111,300,252,300,0.84
112,300,252,300,0.84
113,300,259,300,0.8633333333333333
114,300,250,300,0.8333333333333334
115,300,254,300,0.8466666666666667
116,300,254,300,0.8466666666666667
117,300,244,300,0.8133333333333334
118,300,243,300,0.81
119,300,247,300,0.8233333333333334
120,300,256,300,0.8533333333333334
121,300,255,300,0.85
122,300,258,300,0.86
123,300,253,300,0.8433333333333334
124,300,252,300,0.84
125,300,251,300,0.8366666666666667
126,300,255,300,0.85
127,300,257,300,0.8566666666666667
128,300,255,300,0.85
129,300,263,300,0.8766666666666667
130,300,250,300,0.8333333333333334
131,300,257,300,0.8566666666666667
132,300,259,300,0.8633333333333333
133,300,263,300,0.8766666666666667
134,300,258,300,0.86
135,300,264,300,0.88
136,300,263,300,0.8766666666666667
137,300,272,300,0.9066666666666666
138,300,255,300,0.85
139,300,256,300,0.8533333333333334
140,300,265,300,0.8833333333333333
141,300,253,300,0.8433333333333334
142,300,255,300,0.85
143,300,259,300,0.8633333333333333
144,300,244,300,0.8133333333333334
145,300,253,300,0.8433333333333334
146,300,253,300,0.8433333333333334
147,300,259,300,0.8633333333333333
148,300,248,300,0.8266666666666667
149,300,240,300,0.8
150,300,242,300,0.8066666666666666
151,300,242,300,0.8066666666666666
152,300,242,300,0.8066666666666666
153,300,251,300,0.8366666666666667
154,300,257,300,0.8566666666666667
155,300,246,300,0.82
156,300,248,300,0.8266666666666667
157,300,245,300,0.8166666666666667
158,300,244,300,0.8133333333333334
159,300,249,300,0.83
160,300,252,300,0.84
161,300,261,300,0.87
162,300,255,300,0.85
163,300,262,300,0.8733333333333333
164,300,250,300,0.8333333333333334
165,300,254,300,0.8466666666666667
166,300,246,300,0.82
167,300,237,300,0.79
168,300,245,300,0.8166666666666667
169,300,248,300,0.8266666666666667
170,300,252,300,0.84
171,300,255,300,0.85
172,300,252,300,0.84
173,300,245,300,0.8166666666666667
174,300,250,300,0.8333333333333334
175,300,254,300,0.8466666666666667
176,300,247,300,0.8233333333333334
177,300,243,300,0.81
178,300,243,300,0.81
179,300,245,300,0.8166666666666667
180,300,254,300,0.8466666666666667
181,300,248,300,0.8266666666666667
182,300,251,300,0.8366666666666667
183,300,253,300,0.8433333333333334
184,300,253,300,0.8433333333333334
185,300,251,300,0.8366666666666667
186,300,257,300,0.8566666666666667
187,300,246,300,0.82
188,300,257,300,0.8566666666666667
189,300,264,300,0.88
190,300,258,300,0.86
191,300,251,300,0.8366666666666667
192,300,258,300,0.86
193,300,245,300,0.8166666666666667
194,300,250,300,0.8333333333333334
195,300,249,300,0.83
196,300,257,300,0.8566666666666667
197,300,251,300,0.8366666666666667
198,300,247,300,0.8233333333333334
199,300,249,300,0.83
200,300,247,300,0.8233333333333334
201,300,256,300,0.8533333333333334
202,300,250,300,0.8333333333333334
203,300,242,300,0.8066666666666666
204,300,247,300,0.8233333333333334
205,300,251,300,0.8366666666666667
206,300,257,300,0.8566666666666667
207,300,243,300,0.81
208,300,246,300,0.82
209,300,236,300,0.7866666666666666
210,300,239,300,0.7966666666666666
211,300,232,300,0.7733333333333333
212,300,249,300,0.83
213,300,249,300,0.83
214,300,246,300,0.82
215,300,261,300,0.87
216,300,264,300,0.88
217,300,246,300,0.82
218,300,241,300,0.8033333333333333
219,300,246,300,0.82
220,300,246,300,0.82
221,300,247,300,0.8233333333333334
222,300,250,300,0.8333333333333334
223,300,259,300,0.8633333333333333
224,300,245,300,0.8166666666666667
225,300,247,300,0.8233333333333334
226,300,250,300,0.8333333333333334
227,300,256,300,0.8533333333333334
228,300,248,300,0.8266666666666667
229,300,256,300,0.8533333333333334
230,300,258,300,0.86
231,300,245,300,0.8166666666666667
232,300,245,300,0.8166666666666667
233,300,263,300,0.8766666666666667
234,300,259,300,0.8633333333333333
235,300,252,300,0.84
236,300,254,300,0.8466666666666667
237,300,260,300,0.8666666666666667
238,300,248,300,0.8266666666666667
239,300,260,300,0.8666666666666667
240,300,255,300,0.85
241,300,251,300,0.8366666666666667
242,300,244,300,0.8133333333333334
243,300,236,300,0.7866666666666666
244,300,248,300,0.8266666666666667
245,300,237,300,0.79
246,300,241,300,0.8033333333333333
247,300,249,300,0.83
248,300,255,300,0.85
249,300,248,300,0.8266666666666667
250,300,242,300,0.8066666666666666
251,300,246,300,0.82
252,300,249,300,0.83
253,300,252,300,0.84
254,300,255,300,0.85
255,300,257,300,0.8566666666666667
256,300,258,300,0.86
257,300,253,300,0.8433333333333334
258,300,256,300,0.8533333333333334
259,300,244,300,0.8133333333333334
260,300,253,300,0.8433333333333334
261,300,252,300,0.84
262,300,247,300,0.8233333333333334
263,300,245,300,0.8166666666666667
264,300,253,300,0.8433333333333334
265,300,251,300,0.8366666666666667
266,300,251,300,0.8366666666666667
267,300,247,300,0.8233333333333334
268,300,253,300,0.8433333333333334
269,300,241,300,0.8033333333333333
270,300,255,300,0.85
271,300,240,300,0.8
272,300,244,300,0.8133333333333334
273,300,240,300,0.8
274,300,255,300,0.85
275,300,242,300,0.8066666666666666
276,300,254,300,0.8466666666666667
277,300,254,300,0.8466666666666667
278,300,255,300,0.85
279,300,249,300,0.83
280,300,239,300,0.7966666666666666
281,300,258,300,0.86
282,300,253,300,0.8433333333333334
283,300,268,300,0.8933333333333333
284,300,260,300,0.8666666666666667
285,300,268,300,0.8933333333333333
286,300,258,300,0.86
287,300,259,300,0.8633333333333333
288,300,258,300,0.86
289,300,255,300,0.85
290,300,250,300,0.8333333333333334
291,300,251,300,0.8366666666666667
292,300,247,300,0.8233333333333334
293,300,237,300,0.79
294,300,245,300,0.8166666666666667
295,300,249,300,0.83
296,300,250,300,0.8333333333333334
297,300,247,300,0.8233333333333334
298,300,242,300,0.8066666666666666
299,300,248,300,0.8266666666666667
300,300,256,300,0.8533333333333334
301,300,258,300,0.86
302,300,254,300,0.8466666666666667
303,300,248,300,0.8266666666666667
304,300,244,300,0.8133333333333334
305,300,246,300,0.82
306,300,240,300,0.8
307,300,249,300,0.83
308,300,242,300,0.8066666666666666
309,300,253,300,0.8433333333333334
310,300,240,300,0.8
311,300,254,300,0.8466666666666667
312,300,260,300,0.8666666666666667
313,300,258,300,0.86
314,300,270,300,0.9
315,300,271,300,0.9033333333333333
316,300,265,300,0.8833333333333333
317,300,257,300,0.8566666666666667
318,300,245,300,0.8166666666666667
319,300,244,300,0.8133333333333334
320,300,252,300,0.84
321,300,234,300,0.78
322,300,253,300,0.8433333333333334
323,300,265,300,0.8833333333333333
324,300,249,300,0.83
325,300,248,300,0.8266666666666667
326,300,255,300,0.85
327,300,258,300,0.86
328,300,257,300,0.8566666666666667
329,300,259,300,0.8633333333333333
330,300,257,300,0.8566666666666667
331,300,266,300,0.8866666666666667
332,300,259,300,0.8633333333333333
333,300,266,300,0.8866666666666667
334,300,252,300,0.84
335,300,238,300,0.7933333333333333
336,300,261,300,0.87
337,300,255,300,0.85
338,300,264,300,0.88
339,300,262,300,0.8733333333333333
340,300,262,300,0.8733333333333333
341,300,245,300,0.8166666666666667
342,300,239,300,0.7966666666666666
343,300,248,300,0.8266666666666667
344,300,256,300,0.8533333333333334
345,300,262,300,0.8733333333333333
346,300,261,300,0.87
347,300,248,300,0.8266666666666667
348,300,253,300,0.8433333333333334
349,300,263,300,0.8766666666666667
350,300,264,300,0.88
351,300,254,300,0.8466666666666667
352,300,259,300,0.8633333333333333
353,300,249,300,0.83
354,300,256,300,0.8533333333333334
355,300,255,300,0.85
356,300,250,300,0.8333333333333334
357,300,253,300,0.8433333333333334
358,300,260,300,0.8666666666666667
359,300,256,300,0.8533333333333334
360,300,253,300,0.8433333333333334
361,300,251,300,0.8366666666666667
362,300,246,300,0.82
363,300,253,300,0.8433333333333334
364,300,246,300,0.82
365,300,263,300,0.8766666666666667
366,300,249,300,0.83
367,300,249,300,0.83
368,300,254,300,0.8466666666666667
369,300,250,300,0.8333333333333334
370,300,245,300,0.8166666666666667
371,300,247,300,0.8233333333333334
372,300,252,300,0.84
373,300,249,300,0.83
374,300,248,300,0.8266666666666667
375,300,252,300,0.84
376,300,243,300,0.81
377,300,246,300,0.82
378,300,243,300,0.81
379,300,249,300,0.83
380,300,246,300,0.82
381,300,246,300,0.82
382,300,257,300,0.8566666666666667
383,300,257,300,0.8566666666666667
384,300,251,300,0.8366666666666667
385,300,245,300,0.8166666666666667
386,300,248,300,0.8266666666666667
387,300,258,300,0.86
388,300,262,300,0.8733333333333333
389,300,251,300,0.8366666666666667
390,300,264,300,0.88
391,300,253,300,0.8433333333333334
392,300,253,300,0.8433333333333334
393,300,259,300,0.8633333333333333
394,300,260,300,0.8666666666666667
395,300,260,300,0.8666666666666667
396,300,255,300,0.85
397,300,255,300,0.85
398,300,253,300,0.8433333333333334
399,300,248,300,0.8266666666666667
